file_name,is_blur,blur_value
2Pb3KXKX0RK0rSIIS4tkyipo22G-WhatsApp Image 2023-05-10 at 08.08.01 (1).jpeg,false,60.24369353062151
2Pb3OFNq9NL1zQXVHiP1rodtIdz-WhatsApp Image 2023-05-10 at 08.09.50.jpeg,true,31.790713033254836
2Pa0B9GsTSwqGIyj0GFZxRHxWrq-WhatsApp Image 2023-05-08 at 21.05.28 (1).jpeg,true,23.403088277485953
2PWznfhQOtNpbTUjAGaLPrluwp2-WhatsApp Image 2023-05-08 at 21.57.07.jpeg,false,51.29787409407798
2PX027Hb1bwclxin8gt5rOejtQt-WhatsApp Image 2023-05-08 at 21.17.17.jpeg,true,4.033644129961932
2PWzZPBmHSoVnYZYF9qiUvjuhga-WhatsApp Image 2023-05-08 at 21.20.34.jpeg,true,32.81523935062035
2PX024rZVNb9ekdTHLGKT9w9xlY-WhatsApp Image 2023-05-08 at 21.17.17 (1).jpeg,true,18.295293538934125
2Pa0UrzEdhUUXn7lL34Jm1Gn6qo-WhatsApp Image 2023-05-09 at 21.09.28.jpeg,false,86.08694896686204
2Pa0aNeR0DloI0UetWB9CYfZ9R0-WhatsApp Image 2023-05-09 at 21.15.56.jpeg,false,136.01505816191164
2Pa0BBJD80tWr5IQtVq6KjHWmd7-WhatsApp Image 2023-05-08 at 21.05.28.jpeg,false,52.33759449754884
2PahLGoyIOqnLUxAjVy443CkLlb-WhatsApp Image 2023-05-09 at 19.18.46.jpeg,false,196.82886204996447
2Pad6zKpc8RouZp45ApCVVMV2Qn-WhatsApp Image 2023-05-10 at 08.59.49.jpeg,false,152.25626250909409
2Pafij0MOsfICBEsZBSxV90xELS-WhatsApp Image 2023-05-09 at 19.18.35.jpeg,false,135.51794132463527
2PacvmSfA7Y6ViV0ssr2frW9iSO-WhatsApp Image 2023-05-10 at 08.58.59.jpeg,false,167.8843144841553
2PacbzEnopC1zhdxvLkUXAbZsns-WhatsApp Image 2023-05-10 at 08.58.25.jpeg,false,215.83217493452278
2Pag9wXtU5gIKtxmm0ryNIcqtyL-WhatsApp Image 2023-05-09 at 18.37.03.jpeg,false,156.3254833752225
2PadILE5szllcsOEJeqyBA2DWOn-WhatsApp Image 2023-05-10 at 09.00.32.jpeg,false,158.66807423846166
2PacSUGlCOkssoqTWG6g7vWvjig-WhatsApp Image 2023-05-10 at 08.57.50.jpeg,false,155.02190886560615
2PafyLPahylyrQxx3utU6vP42vA-WhatsApp Image 2023-05-09 at 18.36.53.jpeg,false,183.36384450845395
2PWwalS4C1TnVmQ0bR1KGiPqNJY-WhatsApp Image 2023-05-08 at 13.37.01.jpeg,false,86.74821978483405
2PXimZ8aNyKNuqdUZRgmNWkV5nq-WhatsApp Image 2023-05-09 at 12.15.33.jpeg,true,16.85146592384503
2PaDhPmCsy348nz2Ez1VY64oPRP-IMG-20230510-WA0013.jpg,true,5.687931811016589
2Pa0ONgWltfXkrsw2BDTOGjG8Lo-WhatsApp Image 2023-05-09 at 21.12.40.jpeg,true,15.059058803748636
2Pa0aRaxcrKZCjM5bV0I8JgWjsM-WhatsApp Image 2023-05-09 at 21.15.56 (1).jpeg,false,86.76066858254082
2Pa0Unq347pM1eKgOqGFOUvYBcP-WhatsApp Image 2023-05-09 at 21.09.27.jpeg,false,279.0385779038808
2Pa0iDeSSYy4zOLXmHqHhJ4hKRe-WhatsApp Image 2023-05-09 at 21.07.51.jpeg,false,192.11509327816108
2PbLwXlIwJSVhX3mHQh9DMnZs5x-WhatsApp Image 2023-05-10 at 18.22.50.jpeg,true,7.775166129014486
2Pa0OGtwlQkp1PjnsnefcAPjdmq-WhatsApp Image 2023-05-09 at 21.12.39.jpeg,false,118.03499127875266
2PWznlUL7LxHioaWYCsB9tXIv78-WhatsApp Image 2023-05-08 at 21.57.06.jpeg,false,945.4453787745455
2PX0dlE0sLpALRAQsqndCYnbnvn-WhatsApp Image 2023-05-08 at 21.19.15.jpeg,false,244.01134778163868
2PWzZd9zp4G0Owzg3RFEMCk11nb-WhatsApp Image 2023-05-08 at 21.20.33.jpeg,false,51.20449821000223
2PWvshmn6wgnuOqHTcbK58N4vHR-WhatsApp Image 2023-05-08 at 11.37.52.jpeg,false,359.72940497418625
2PaXMbzf4C6svgAeOgmNk0PRr0u-IMG-20230510-WA0086.jpg,false,70.3094014971026
2PWxyMwn2pfvU31x6tVxbEesewl-WhatsApp Image 2023-05-08 at 16.46.42.jpeg,false,198.84291106142157
2PWw5AuZ5opGgFScJnpC9czHCON-WhatsApp Image 2023-05-08 at 12.06.54.jpeg,false,754.7351439992028
2PbLwBPryGHyEzsUme8dzQO38Li-WhatsApp Image 2023-05-10 at 18.22.49.jpeg,true,22.835182873479813
2PVhPcCzi7i44ErEh5CqU8Gkx22-Screenshot_20230508-191438_WhatsApp.jpg,true,17.15465419825195
2PbLvsmRjsfelffOOc3rs4uzXjM-WhatsApp Image 2023-05-10 at 18.22.48 (1).jpeg,true,20.167572343315967
2PX0RkYZGe6qmqXRCORVCFmx2gD-WhatsApp Image 2023-05-08 at 21.09.20.jpeg,false,95.48138730766041
2PbLvmr6dGuw7XcH85VUj2iib5d-WhatsApp Image 2023-05-10 at 18.22.48.jpeg,true,25.836673436618653
2Pd1iG8lpTCyz1jtSeI5gx0Hbnh-WhatsApp Image 2023-05-11 at 09.07.18.jpeg,false,496.4053111990085
2Pd4UQPzAkwUmkksdyAPwnsXEZ0-WhatsApp Image 2023-05-11 at 09.04.09.jpeg,false,651.4622037438033
2Pcz5zY6SXmeFJ9IaPJMHXSnVzd-WhatsApp Image 2023-05-11 at 08.58.11.jpeg,false,562.4971630960503
2PX0dd5PGo75vbESqUllXMnhkq6-WhatsApp Image 2023-05-08 at 21.19.16.jpeg,false,176.57589929576284
2PWwMQPMenqRVia8srPafHASv9Y-WhatsApp Image 2023-05-08 at 13.35.07.jpeg,true,35.56390327294917
2PX0RagolJmRBOHOKOM5qhcFCs1-WhatsApp Image 2023-05-08 at 21.09.19.jpeg,true,22.996308569887958
2PWyE0oxiKj07OLNgRwGk6YqbmM-WhatsApp Image 2023-05-08 at 16.44.26.jpeg,false,874.6368808366265
2PaoGsfUJavCcP1VPG2cht5rkiL-WhatsApp Image 2023-05-09 at 19.06.40 (2).jpeg,false,1141.8030831719404
2PWwnZ9UOdWWBSYlEYHd6uneLrU-WhatsApp Image 2023-05-08 at 14.15.10.jpeg,false,220.71026911171668
2Paodk9RC0j4sbGvS4gk7SkbbsO-WhatsApp Image 2023-05-09 at 19.06.40 (2).jpeg,false,1141.8030831719404
2PVhPsFC7H1oz6aoayWrSLunPaz-Screenshot_20230508-191447_WhatsApp.jpg,true,14.167724341696568
2PW9RcdB3L3vmUAMGGF7IYX3QYE-WhatsApp Image 2023-05-08 at 21.26.35.jpeg,true,27.136146324992282
2PUWM3xYE7YAjFvGiQAHlLyFEqo-IMG-20230508-WA0004.jpg,true,4.62003193702932
2PaniU1WDs48nxjBJJjTN2t6owt-WhatsApp Image 2023-05-09 at 19.06.40 (2).jpeg,false,1141.8030831719404
2Pa0i9DMawJfCUmI4X5DTgfFm2o-WhatsApp Image 2023-05-09 at 21.07.50.jpeg,false,288.2527117975661
2Pb54z0ewLuXCn7s6KCgoNU3Pyv-WhatsApp Image 2023-05-10 at 16.57.56.jpeg,true,21.090726931943966
2PYHIXDESzYUwn6LrQHmTq5tAxU-WhatsApp Image 2023-05-09 at 17.09.13.jpeg,false,160.1955167866343
2PanROzbpszDEwJashw1hFMwHeP-WhatsApp Image 2023-05-09 at 19.06.40 (2).jpeg,false,1141.8030831719404
2Pa2CWFDrjl0fR3WanCkfllk3DA-WhatsApp Image 2023-05-09 at 16.42.24.jpeg,false,148.55195460108828
2PdOQwQ0arFw44uJbH7FbB9o5t4-WhatsApp Image 2023-05-11 at 09.47.19.jpeg,true,25.699446799374996
2PdNs1nVxIzjdquuJxyYiwiDKkN-WhatsApp Image 2023-05-11 at 11.58.31 (1).jpeg,true,8.320578635399306
2PdO7noXZP1At6tcIuPiOFVRmmH-WhatsApp Image 2023-05-11 at 11.58.31 (2).jpeg,true,11.181410014099121
2PdO8RmJQOYlfoZe7VMbTzb6kRh-WhatsApp Image 2023-05-11 at 11.58.33.jpeg,true,9.842081633239747
2Pa1QIiwjnCMXsdn0usX8fFfBE8-WhatsApp Image 2023-05-09 at 15.48.54.jpeg,false,246.48865934567215
2Pa1o1WVTCQi1J2C0a5Qd7Lf5UC-WhatsApp Image 2023-05-09 at 16.15.49.jpeg,false,279.1497887155476
2PaDiKAdZCEGD5x9aIHq91HgmMt-IMG-20230510-WA0014.jpg,true,5.756897167777779
2PczJP0s1XctLworUxD1XHYKHho-WhatsApp Image 2023-05-11 at 08.56.07 (1).jpeg,false,473.76118817501265
2PdNs5jagl9jPGw43vXluqeq01M-WhatsApp Image 2023-05-11 at 11.58.31 (2).jpeg,true,11.181410014099121
2PcyazrNo8OeCQRMdRejBC5fIzE-WhatsApp Image 2023-05-11 at 08.57.17.jpeg,false,280.4524489241943
2PaXKIShmxHv2AROdVcgnDk4i3k-IMG-20230510-WA0087.jpg,false,76.09457382413086
2PdNsS4v9hEP7rwiYb9i5IUzbyI-WhatsApp Image 2023-05-11 at 11.58.33 (1).jpeg,true,6.938834119982639
2Pan68XKFrpRb8awfrrw7kj2nkX-Screenshot_2023-05-10-14-29-34-89_e0d88163d2249e3b7c5c1e20b2133dff.jpg,false,1470.5981979166668
2PdORPTSsrTqHr7pV3Mfr2dOTGS-WhatsApp Image 2023-05-11 at 09.47.20.jpeg,false,76.13073180603189
2PdO86QOJMGqIxyRYO8rEAaIndl-WhatsApp Image 2023-05-11 at 11.58.31.jpeg,true,17.309047844578995
2PdO8U3JtudjbW458k78sWAQUbL-WhatsApp Image 2023-05-11 at 11.58.32.jpeg,true,9.014325781301812
2PdO86szHSKT5878A64zQWHoJjT-WhatsApp Image 2023-05-11 at 11.58.33 (1).jpeg,true,6.938834119982639
2Pd195RUGzMMEDSvcVcI7kEWJde-WhatsApp Image 2023-05-11 at 09.02.41.jpeg,false,429.08268915193497
2Pd30fUtCuUs5wlWpdom6XY8A8P-WhatsApp Image 2023-05-11 at 09.07.37.jpeg,false,408.4087975726886
2Pd1P7XTw4MOlYVybv4Ui7c1V67-WhatsApp Image 2023-05-11 at 09.03.50.jpeg,false,175.2310034952148
2Pd3fJLC2AkMoDieQs1wbR6vgSr-WhatsApp Image 2023-05-11 at 09.04.58.jpeg,false,764.4671183124046
2Pd1ZwB20Y8FL41JPNIa7lRL1H6-WhatsApp Image 2023-05-11 at 09.04.38.jpeg,false,482.9617250835122
2Pd2qTAnlinp77YWj9hrEKz9ffE-WhatsApp Image 2023-05-11 at 09.05.38.jpeg,false,298.12210886023445
2Pd29cMDWwL5PXZSjUxnwcYKTpB-WhatsApp Image 2023-05-11 at 08.57.55.jpeg,false,515.8314961154056
2Pd2K9EMTqwJPRNoqPuVtwEq7yl-WhatsApp Image 2023-05-11 at 08.58.29.jpeg,false,596.3148978724829
2PdbfEPxHwyqA50gUy6dUAqQZU2-Driver-2023-05-11:14-26-22.jpg,false,458.73584296840033
2PdbZq7JkELQxmOnPjcHb2liPGF-Driver-2023-05-11:14-25-44.jpg,false,392.5666314362167
2Pd4AG6jbE4m3uHVIgEHbhp8LZx-WhatsApp Image 2023-05-11 at 09.07.58.jpeg,false,470.602282066348
2Pd4N9ciojymJWbsBv6Wi339AnX-WhatsApp Image 2023-05-11 at 09.02.01.jpeg,false,729.1969076466555
2Pd4t3fCOtxr3qeKRKYZPlAgey2-WhatsApp Image 2023-05-11 at 09.06.14.jpeg,false,535.1519887021575
2Pd3Q7EFR6EaY0SQpQeN7EkU8b1-WhatsApp Image 2023-05-11 at 08.59.41.jpeg,false,468.9844382529143
2Pd5NL03O5MGLwnxczJCNHOUaI4-WhatsApp Image 2023-05-11 at 09.05.21.jpeg,false,829.3203175148353
2Pd1HGQtBJvmso8Qn8yMAzaVyKC-WhatsApp Image 2023-05-11 at 09.03.27.jpeg,false,355.95957899743894
2Pd3Xu63ljtL1yxjHfkpviMeE7I-WhatsApp Image 2023-05-11 at 09.05.56.jpeg,false,454.23954444192736
2Pd2fLJZeU0YMPezJnxyJ02bSps-WhatsApp Image 2023-05-11 at 09.06.34.jpeg,false,504.53874665222725
2Pd3HY7zbAkaI3Cym7wxGa1HJZQ-WhatsApp Image 2023-05-11 at 08.59.13.jpeg,false,629.1868956328592
2Pddl0pEMkWR4h7RDfaIrRLF6PK-Screenshot_20230511-144259_WhatsApp.jpg,false,1456.1393628249414
2Pcxvf5I7oNJb11dhkkdF5gksfq-WhatsApp Image 2023-05-11 at 08.56.53.jpeg,false,396.5657870844988
2ParMGPrJShrAddaTc2B8HdCS9Z-IMG-20230510-WA0005.jpeg,false,46.689994693238816
2PUtTdLsM2rTSwXxQigY7JR30ZV-WhatsApp Image 2023-05-08 at 12.10.49.jpeg,false,379.6239102855371
2PYKLB6ioradxZi2ziThoV7L60u-WhatsApp Image 2023-05-09 at 17.29.44.jpeg,true,6.234020566106771
2PaolBa5klKsuRK4sETgDamA1MP-WhatsApp Image 2023-05-09 at 19.06.40 (2).jpeg,false,1141.8030831719404
2Pb4TdEhK0RswGyFsRpI6EG4S03-WhatsApp Image 2023-05-10 at 16.50.44.jpeg,false,159.20596662331562
2PakEwXUkHmreWfQ1m3OqunuPbH-WhatsApp Image 2023-05-09 at 21.16.06.jpeg,false,104.77385971928821
2Pa1zpgDPSQdU94Qk9PwcDtvSH8-WhatsApp Image 2023-05-09 at 16.44.57.jpeg,false,376.7300721048444
2PY6QcRYCtzsojsRsaZkHvIuEoH-WhatsApp Image 2023-05-09 at 15.38.34.jpeg,false,104.7725330260024
2Pa1bhzox2f7frST4yyNETajZQD-WhatsApp Image 2023-05-09 at 15.54.19.jpeg,false,510.21503401336645
2PXuDEs44Gwfj94Ial8o3KUBe7y-WhatsApp Image 2023-05-09 at 13.53.05.jpeg,false,432.58058254720083
2PXu00dRZEj1U9j6ZIalz75fdwj-WhatsApp Image 2023-05-09 at 13.51.51 (1).jpeg,false,316.5467435661965
2PdNslfbNl30dE7rWqyRiTcImFm-WhatsApp Image 2023-05-11 at 11.58.32.jpeg,true,9.014325781301812
2Pd2UTHScf10El4DS8tUoyXP22t-WhatsApp Image 2023-05-11 at 08.58.51.jpeg,false,604.1302493666659
2PamuM1lP7Ll0869xqgvHIB7rRc-WhatsApp Image 2023-05-09 at 19.06.40 (2).jpeg,false,1141.8030831719404
2PaZ8MPBO7hYkmvjZ2MNyWnEmqG-IMG_20230510_123458.jpg,true,25.926025955085862
2PdNsXbefBC2irLmIFBfmhGseIR-WhatsApp Image 2023-05-11 at 11.58.33.jpeg,true,9.842081633239747
2PdO7hE18austtygECpfvk2H0zp-WhatsApp Image 2023-05-11 at 11.58.31 (1).jpeg,true,8.320578635399306
2PcyAR8CSOovDazxHXiVHdooorp-WhatsApp Image 2023-05-11 at 08.56.28.jpeg,false,597.1863046600653
2PaoGtfXIaSlaDRbVJq2hk1tIz4-WhatsApp Image 2023-05-09 at 19.06.42 (1).jpeg,true,35.2756302035369
2PddkxWMDXPg5j3tcBicnPV6eME-Screenshot_20230511-144234_WhatsApp.jpg,false,1158.1370044608293
2Pazqqh1Rn8o3vwDEVkucPVtGk0-IMG-20230510-WA0013.jpg,false,97.51793473263453
2PWxGnszLPWlBSzzn1XXfu2wAFa-WhatsApp Image 2023-05-08 at 15.56.35.jpeg,false,292.90877943515255
2PYFBTWYbZ2xOGTxcKCOvWgHNPu-WhatsApp Image 2023-05-09 at 16.40.31.jpeg,true,9.142165204399872
2PXiZFVg6hj4Wq9V3YuXYYjIES1-WhatsApp Image 2023-05-09 at 12.22.05.jpeg,false,559.2853199423569
2PXwNUwEPVW1yjHlI6I7Evz5Ppo-WhatsApp Image 2023-05-09 at 12.48.17.jpeg,false,1006.2296069149317
2PYFwUrCFNGojWt5SEbZzYh8eco-WhatsApp Image 2023-05-09 at 16.53.29 (1).jpeg,false,47.04743396308349
2PYKL8mEJH3GDtAxiziFd4pTb4H-WhatsApp Image 2023-05-09 at 17.29.43.jpeg,false,44.69618851699027
2PYKLzDgMeoEh0JcpBgpvxJ2Mte-WhatsApp Image 2023-05-09 at 17.29.46.jpeg,true,23.024974572065968
2PUmnyEsEohjNhWolY3PaWYhC9H-IMG20230508112801.jpg,false,103.5151949814903
2PUmnpZQZsZ5RbbklwQmjp0xjPl-IMG20230505071431.jpg,true,6.47729184667076
2PYFw8GEzwi3rQmqdpMaOwMJxca-WhatsApp Image 2023-05-09 at 16.53.29.jpeg,false,150.70074144986953
2PYFwpW9ZphyRVk3DMPFz6MmF8l-WhatsApp Image 2023-05-09 at 16.53.31.jpeg,false,82.57593866684871
2PVvLjDulchtY7Gv95YEPAFiZPC-WhatsApp Image 2023-05-08 at 19.59.02.jpeg,false,62.63870573828098
2PaodkaS9t2QR89KbXzisr6C5sd-WhatsApp Image 2023-05-09 at 19.06.42 (1).jpeg,true,35.2756302035369
2Pb04n2BsW2J0b07Lc0E5rLq1Nj-WhatsApp Image 2023-05-10 at 16.06.48.jpeg,false,63.06262892649257
2PaGFuYVpz68M9MU5FNf6ASrKyt-WhatsApp Image 2023-05-09 at 17.38.54.jpeg,false,231.8198098123606
2Pb045YeNUpWQ4Un5bhMUY9CqtK-WhatsApp Image 2023-05-10 at 16.05.25.jpeg,false,117.50499581586372
2PW9kD4lPSmWiyVhOohBxTOkzjK-WhatsApp Image 2023-05-08 at 21.26.49.jpeg,false,49.28358873765433
2PXwD9n4LBcX0sncuUw8NmyqGfI-WhatsApp Image 2023-05-09 at 14.14.48.jpeg,false,395.74089015552823
2PbJFFhkXyGGjBKFFf204RzgeFF-IMG_20230510_185521.jpg,false,92.39643169056173
2PattdSt6QbzcCkLgPB0ZzV31CP-IMG-20230510-WA0009.jpg,false,512.0486872005479
2Pai0EDHPxzLz5w54pxpoRPSQ2V-IMG_20230510_134617.jpg,false,76.75523145359527
2PddlS0fjOtWsLT1TKxxMiphmR8-Screenshot_20230511-144242_WhatsApp.jpg,false,1700.0677405273973
2PanDyFLYzXoAiwz4AjbZwR76cw-IMG_20230510_142911.jpg,false,141.38574007689022
2Pd4m0zcU8qfo1E2LLmEPI9hA1v-WhatsApp Image 2023-05-11 at 09.07.01.jpeg,false,786.8144316281565
2PY8Uz5dmwnPioTxhGl4Lj6YZpP-Screenshot_20230509-155543_WhatsApp.jpg,false,2273.5115462369627
2PXxI9fcaDj4jEwcNYqncdzLh9p-IMG-20230509-WA0021.jpg,false,157.2414880000974
2PakaToejK21jiu8L6vQ4dOCELM-IMG-20230509-WA0031.jpg,false,51.23031239972223
2PakbEkWbQyEskSSPAMuoEIgDiH-IMG-20230510-WA0036.jpg,false,56.025336545030385
2Pa3HKb5pBeHtib2XG4B5lB2F9E-Driver-2023-05-10:08-14-22.jpg,false,58.0838233159177
2Pb0qyMgVcZkXNLTV4akonXQ36d-IMG-20230510-WA0015.jpg,false,242.92294646971018
2PahuFqK6dKhAtyoGBL3EWTAKMc-IMG_20230510_134313.jpg,false,1664.3633566315107
2Pddl3NpijCO2BHKKKAjTKgC3u6-Screenshot_20230511-144252_WhatsApp.jpg,false,1948.4233649760802
2PaFZyrkrbTQdJ8cASzDSYh95nS-IMG_20230510_093913.jpg,false,618.5619431315049
2PaniMpc5B4GmdX3bkTjwerNdLo-WhatsApp Image 2023-05-09 at 19.06.42 (1).jpeg,true,35.2756302035369
2PanRJBynBPNuEzWj6l9jwbU27A-WhatsApp Image 2023-05-09 at 19.06.41.jpeg,false,495.94412375628986
2Paodiq5WLHLxN3Kjz5v7kUdrF5-WhatsApp Image 2023-05-09 at 19.06.41 (1).jpeg,false,755.1004226873907
2PaoGlYsKiPhfxcQHl5pfqMueBG-WhatsApp Image 2023-05-09 at 19.06.42 (2).jpeg,false,222.19507121858638
2Paol7ouEVPVAvhmMScqfjabj2d-WhatsApp Image 2023-05-09 at 19.06.42.jpeg,false,974.6673094297955
2PaniMeeF8mK62d79ISvGA06wEH-WhatsApp Image 2023-05-09 at 19.06.42 (2).jpeg,false,222.19507121858638
2PaniMpQgs3sj0wyG3dIMge2vRX-WhatsApp Image 2023-05-09 at 19.06.41 (1).jpeg,false,755.1004226873907
2PaoSdDLymP6MiHo2FCe6AygXp1-WhatsApp Image 2023-05-09 at 19.06.42 (1).jpeg,true,35.2756302035369
2PaoSirr657Mn2eBOip1ZS73p3L-WhatsApp Image 2023-05-09 at 19.06.42.jpeg,false,974.6673094297955
2PaodhWWPyUWCikMnnJgGpBcqKK-WhatsApp Image 2023-05-09 at 19.06.40 (3).jpeg,false,228.342253225656
2PaoSej7xl6ALc2nbgPyVm1nYSy-WhatsApp Image 2023-05-09 at 19.06.43.jpeg,false,142.60823098607457
2Paol90FakbSaVkO3s7NFmLkpkj-WhatsApp Image 2023-05-09 at 19.06.41.jpeg,false,495.94412375628986
2PaolBePeifPBdT1Uvio6L3YQO9-WhatsApp Image 2023-05-09 at 19.06.42 (1).jpeg,true,35.2756302035369
2PaoGrkEZMTx66DKeUabgrsSnyS-WhatsApp Image 2023-05-09 at 19.06.41.jpeg,false,495.94412375628986
2PaoGoqGU5Epg4LtnRXhdXltzI6-WhatsApp Image 2023-05-09 at 19.06.40 (3).jpeg,false,228.342253225656
2PdLKEBJKlvi3Ed6omobeLFG6lw-10 mei 2023_page-0001.jpg,false,719.6580937027102
2PUmnlDnDSaW9kj5UzQybTBkdaX-IMG20230508112819.jpg,false,132.36197206078552
2PalaQMBfWaKDnyXKA6JOHExead-IMG-20230510-WA0037.jpg,true,7.217974338680004
2Pb1PO0JW0tdKpe5YerAU2Wd588-Screenshot_20230510-162757_WhatsApp.jpg,false,3045.361770051841
2PYKMNMwWyA1eQf6VpEQOL0velt-WhatsApp Image 2023-05-09 at 17.29.47.jpeg,true,10.13599713054784
2PYKLaKJdforcBZzuEjDkLSbAaY-WhatsApp Image 2023-05-09 at 17.29.45.jpeg,true,28.018601628645357
2PYKLxrRrdIjfPii3rOSsw5zK7B-WhatsApp Image 2023-05-09 at 17.29.48.jpeg,false,59.17367300091822
2PYFBt9c5HmOmz3cwzuWT8YCvid-WhatsApp Image 2023-05-09 at 16.40.32 (1).jpeg,true,31.049923741039844
2PVciAFfohmHfyiURXtsqZFSJaq-WhatsApp Image 2023-05-08 at 16.34.29.jpeg,true,4.910830351803628
2PUmnsTVXBh9jVOqsqUN7mGH026-IMG20230508112827.jpg,false,84.18927675690415
2PamuCa87NxfcW9MIkXSVZ0JJ32-WhatsApp Image 2023-05-09 at 19.06.42 (1).jpeg,true,35.2756302035369
2PXkkWQHcbvpBhM52z432jjivVE-Driver-2023-05-09:12-42-23.jpg,false,250.1753693444401
2PVvM5c8GeNtLldwf2hQCRIlttU-WhatsApp Image 2023-05-08 at 19.59.02 (1).jpeg,false,53.05335572772108
2PaodiBvFmup1ewE2KnN6VCFxDv-WhatsApp Image 2023-05-09 at 19.06.41.jpeg,false,495.94412375628986
2PWxhAYzrsXNn2RSc7hYD5zgDVR-WhatsApp Image 2023-05-08 at 15.54.33.jpeg,false,409.77538117506367
2PYFBo1g4ZfTmUjRDaR3ttmsfcB-WhatsApp Image 2023-05-09 at 16.40.32.jpeg,false,80.92025366413178
2PXw9GoMPJmIBeNn8MtUBYUtXY1-Driver-2023-05-09:14-15-53.jpg,false,94.50510490586346
2PYFC4N5GJ0GfjislOPNa2Wo8fJ-WhatsApp Image 2023-05-09 at 16.40.58.jpeg,true,14.434108972429877
2PaoShitbsOsT8Hx8T5xHslyPfq-WhatsApp Image 2023-05-09 at 19.06.41 (1).jpeg,false,755.1004226873907
2PaoSheuwB2u2oUyU4hGHZj9ARD-WhatsApp Image 2023-05-09 at 19.06.40 (3).jpeg,false,228.342253225656
2PYEkRPcdAiiQxvT8kOqiuTk9NJ-IMG_20230509_164817.jpg,false,283.6308033453389
2PYKLZB9ahrtbEN04KU74PioCYj-WhatsApp Image 2023-05-09 at 17.29.45 (1).jpeg,false,43.0129497725111
2PanRII9TxnBDyXBRXRpgQx4xYs-WhatsApp Image 2023-05-09 at 19.06.42 (1).jpeg,true,35.2756302035369
2PahACosNnStNI54C9jlhCOiZtC-WhatsApp Image 2023-05-10 at 13.21.17.jpeg,false,1115.101284765401
2PamuLIJESUuBbwPqRpeIfmiw8M-WhatsApp Image 2023-05-09 at 19.06.41.jpeg,false,495.94412375628986
2Pa3EHe09MnnQmZ98rcbRS2mB5s-Driver-2023-05-10:08-14-01.jpg,false,105.07672259673501
2PUmnvpJ9vpu6SfA6nRv14GFQpI-IMG20230508112813.jpg,false,126.7919102674818
2PVvLEVcfCkVvtO9OzZiksHmqM3-WhatsApp Image 2023-05-08 at 20.05.06.jpeg,true,36.66144103746718
2PYFw2rKhAqkkaAB415wH6ByXrX-WhatsApp Image 2023-05-09 at 16.18.34.jpeg,false,172.45493748936522
2PaoSeOJng9WcXU6TukXhRcDDl3-WhatsApp Image 2023-05-09 at 19.06.41.jpeg,false,495.94412375628986
2PUmntoVhrPOaV7qk2kmsgLgifI-IMG20230508112807.jpg,false,98.64369716773882
2PaRZrC4HPrqsyZAMvYd2X3mNex-Driver-2023-05-10:11-33-53.jpg,false,257.7443374951292
2PYFwYfaYb6oAFClcGZPr8a3nYd-WhatsApp Image 2023-05-09 at 16.53.30.jpeg,false,172.45493748936522
2PUstkT4mQDd8RT48RjV6kb23fB-IMG_20230508_121741.jpg,true,26.816989963252322
2PVvKbeIqLLpISzWIclOTfft5fq-WhatsApp Image 2023-05-08 at 20.04.10.jpeg,false,49.32227009356664
2PVvL1LIGTWLP8mRgqGkplJfSzU-WhatsApp Image 2023-05-08 at 20.04.10 (1).jpeg,false,112.059296888919
2Pah1r3Son8S5pWeFOBzM4TcXvU-WhatsApp Image 2023-05-10 at 13.21.17.jpeg,false,1115.101284765401
2Pahp9LbRp9akd67nZTofLtbOtJ-WhatsApp Image 2023-05-10 at 13.21.17.jpeg,false,1115.101284765401
2PagnOllMXI6kyBJf7fnOJibYHL-WhatsApp Image 2023-05-10 at 13.21.17.jpeg,false,1115.101284765401
2PalzWantuUXKuzUT65Oo7kZuZ4-IMG20230510142009.jpg,false,319.7495261514321
2PaVzoD3eS2ILnOo8517S3c5gkq-IMG-20230510-WA0004.jpeg,false,590.6780042354741
2PbPKv5RDjYGFYTcVZwsPg8JcTh-IMG_20230510_194507.jpg,false,140.86685530297942
2PaXLRWQQo9VVS5qFT8c21SOiQw-IMG-20230510-WA0088.jpg,false,956.5322508138671
2Pb4RD61vtzSUj6zMjeqcTmeCFN-IMG-20230510-WA0017.jpg,false,271.68271234266933
2PcAjwCx3z74ZDxenAYHp1sX8Ge-IMG_20230511_021347.jpg,false,47.046772165143864
2PahlOGp5ToqZpNONUxv8nJmUJQ-IMG20230510134420.jpg,false,369.91901104475886
2Pb1fS7Ve7TTSMD2tIFgltflbwT-IMG20230510162804.jpg,false,1655.2190657361004
2Pax84GaWuMKHB2uYeHI3QyDVmk-Screenshot_2023-05-10-15-51-33-92_e2d5b3f32b79de1d45acd1fad96fbb0f.jpg,false,3020.700504746193
2Pb6xbTIMXurbeyixjKzT1ARnVX-Screenshot_20230510-171305_Samsung Notes.jpg,false,3889.528444181417
2PalCqWZ6a2AAUxGmOlFEKaOwlS-IMG_20230510_140922.jpg,false,1141.3661015008274
2PazbDx7OjpEsK5Ks2he2Y1bLnI-Screenshot_2023-05-10-16-10-32-25_c37d74246d9c81aa0bb824b57eaf7062.jpg,false,5090.139640743029
2PagbojGpdbYVuI5gClSarHR81f-IMG_20230510_133426.jpg,false,368.0120446922865
2PXti5Nli45cImHF56PyBD6SgwQ-IMG_20230509_135314.jpg,false,2071.9614161674185
2PavPuk9wpLYYGjkhUt7g91TEN6-IMG_20230510_153715.jpg,false,1925.6812651075807
2PamitMj82h7IUC9qE3VLHorhXj-IMG_20230510_142530.jpg,false,1214.4908036648221
2PagsYYvDKHAlxkLCVy6EzR2aTn-IMG_20230510_133745.jpg,false,1417.5920981001345
2Pajuck3vEoKJuGq2m0avILdUO2-20230510_135827.jpg,false,103.80789514587565
2Parm0xUHemU4WN3NF7oYX5tR9F-IMG_20230510_150752.jpg,false,1910.8171534565972
2PdbcAYlt6iEa5G0u0UqwRo7SCa-Driver-2023-05-11:14-26-04.jpg,false,487.6271255796541
2Pb6xeVxp7lwszmaVs0kqahSmIs-IMG_20230510_171302.jpg,false,1577.4063194262942
2PazSFCKDUeoEwKsjXPzowNVAr4-IMG_20230510_161145.jpg,false,713.712948601387
2PamSrvVirXQ0wk2AuUROusv1Fl-IMG_20230510_142422.jpg,false,1437.221440720135
2PXxaI4SHa4RLZRyJfLa0TjAEEh-IMG_20230509_142622.jpg,false,2992.454502709165
2PY1tymi6ws3RZ9P8vgWY9SlSA1-IMG_20230509_150133.jpg,false,2452.856114698488
2PXuDxOFdMgoFnSwtEjuLM2o7sg-IMG_20230509_135858.jpg,false,1499.701712743919
2PXykrmWbsbvY5Gr17EhBW27OzP-IMG_20230509_143325.jpg,false,2230.046561688344
2PXtcaAQmD6LJmpZhR9uRJap5t2-IMG_20230509_135314.jpg,false,2071.9614161674185
2PbLwBvjkFBPafSHP10n5ViDqAv-WhatsApp Image 2023-05-10 at 18.22.49 (1).jpeg,true,20.347091596662327
2PY6fl1duLJgkQWw2kwZs5WSVGH-IMG_20230509_153910.jpg,false,1623.9554799244136
2PanRK2cHdW271Cg55pV9wzdbLb-WhatsApp Image 2023-05-09 at 19.06.42 (2).jpeg,false,222.19507121858638
2PYPqaRFi4FR8tHRXsNG0OjJvdv-20230509_181851.jpg,false,1248.5324004454947
2PYJoUDk6XYEU7e0wD9NIVUZfxC-IMG_20230509_172902~2.jpg,false,1798.9008096944444
2PYO4HJTE819PG2vZB9Domo16IG-IMG_20230509_180410~2.jpg,false,2100.7835347609334
2Pa3HxACoWIwVHdpLEzj2Pukx60-Driver-2023-05-10:08-14-30.jpg,false,119.6730478902604
2Pa3FsC39SEvSm63IGVYC4gjK6b-Driver-2023-05-10:08-14-11.jpg,false,172.91282858202447
2PYPCXQKaqo479I7BWwYKn1GGEZ-IMG_20230509_181151.jpg,false,64.20025035413715
2PalaqQGKnW13ACx7UcJSSSy165-IMG-20230510-WA0038.jpg,false,49.64519049936969
2Pa3CdpuDQskeKgzK5G27QXFJaC-Driver-2023-05-10:08-13-49.jpg,false,72.7737374790354
2PdVMoEHnqSh3iqxaAJtnSIX8rp-IMG_20230511_133438.jpg,false,236.38100387906223
2Pa3IvTrzYnlcwiW7KBx5v0nNed-Driver-2023-05-10:08-14-38.jpg,false,188.64116267506483
2PUjoFX4ttMnl1jCy88EaqkPOkU-IMG20230508105551.jpg,false,162.34364452853734
2PYPmo5M8eOtq8bA6ah0G5V2lU3-IMG_20230509_181909.jpg,false,81.33767016362721
2Pas5RX2nTyjuzBeDYK9PwWEo2H-IMG20230510151109.jpg,false,1355.721307966223
2PXqTRdfKIQUsye2L0z4cWo0VWt-IMG_20230509_132756.jpg,false,1982.535137499992
2PaU8fDWm7qYK6QX1Rhaos5iNbz-SJ DIRGANTARA JOGJA 9 MEI 23_page-0003.jpg,false,713.0228156871327
2PaodkYxbKbJ0tWo5b8SsGLBE2W-WhatsApp Image 2023-05-09 at 19.06.42.jpeg,false,974.6673094297955
2PaodfMJkAGJLpUiHJqF9cpx1cR-WhatsApp Image 2023-05-09 at 19.06.42 (2).jpeg,false,222.19507121858638
2PanRMjVLwOgb07fF7rWmKApItG-WhatsApp Image 2023-05-09 at 19.06.40 (3).jpeg,false,228.342253225656
2PaniL1lTekobanr3YpuWLAlPCn-WhatsApp Image 2023-05-09 at 19.06.41.jpeg,false,495.94412375628986
2Paol7QAcOnvcOrc4B8rFeB2YOZ-WhatsApp Image 2023-05-09 at 19.06.40 (3).jpeg,false,228.342253225656
2PaoSh0WFyk9qCMOUPboW2GDBCv-WhatsApp Image 2023-05-09 at 19.06.42 (2).jpeg,false,222.19507121858638
2PanRLIHgeJNhz438j0likduRPL-WhatsApp Image 2023-05-09 at 19.06.41 (1).jpeg,false,755.1004226873907
2PaYkir6MtRqAbznfTbzE7c5IFG-285.pdf,false,4649.365089123536
2PamuEDJxmsJqJUeUpPfIVQ50H5-WhatsApp Image 2023-05-09 at 19.06.43.jpeg,false,142.60823098607457
2PdKwjau0r69bVFxtU0pxjc0mYF-10 mei 2023_page-0009.jpg,false,694.0951289631591
2Paol91sCFGALFQTKXt5Twy0BUK-WhatsApp Image 2023-05-09 at 19.06.41 (1).jpeg,false,755.1004226873907
2PaoGvVtfL9cYagrNLCyt4fyo1r-WhatsApp Image 2023-05-09 at 19.06.42.jpeg,false,974.6673094297955
2PamuJjDpDYXWWqysuucz5xuHQr-WhatsApp Image 2023-05-09 at 19.06.40 (3).jpeg,false,228.342253225656
2Paol50rGqSWvbtBMYeLpKFmove-WhatsApp Image 2023-05-09 at 19.06.43.jpeg,false,142.60823098607457
2Paol96OocUy9WmNWG95kBpsVIK-WhatsApp Image 2023-05-09 at 19.06.42 (2).jpeg,false,222.19507121858638
2PaniLWOLOeHN4RWuJNzWCtUUV5-WhatsApp Image 2023-05-09 at 19.06.42.jpeg,false,974.6673094297955
2PaniLQW8lxacK3e691gQKJWGgp-WhatsApp Image 2023-05-09 at 19.06.40 (3).jpeg,false,228.342253225656
2PdKHXlPpu4lIzZkQeKvjjy2IaU-10 mei 2023_page-0015.jpg,false,731.4317649157284
2PaZJfAYtFx1QdoPRp96GkYT3mj-IMG_20230510_123727.jpg,false,48.03155700342484
2PaZMTw9D6XPh8T78fnKkYi3CSU-Driver-2023-05-10:12-38-11.jpg,false,379.41789268706594
2PawntNZbidw8c6f7Qj9RB1v0dW-IMG_20230510_154829.jpg,false,2286.570404112222
2Pd3svSvcNgDGQoQWKG4Rz063na-WhatsApp Image 2023-05-11 at 09.00.08.jpeg,false,555.9170716973844
2Pb741JixtkPiWrAwrLEqJofIn2-IMG20230510171132.jpg,false,1834.4186498263887
2PYL98GHoLp4bkQmsLFaBXdkQbT-20230509_174036.jpg,false,869.4054215880165
2PanRHCrhYgwLlaH47z7C0MCXbK-WhatsApp Image 2023-05-09 at 19.06.43.jpeg,false,142.60823098607457
2PYZUJaZrKV2SVE7gH6T5lmyP4G-20230509_193823.jpg,false,1068.7520792536823
2PUmnrLIHwx2hhml73QFKqnE8Go-IMG20230508112838.jpg,false,110.97986718117802
2PdKQFk9rJRMBkeeEHQTJPZtWd1-10 mei 2023_page-0011.jpg,false,783.2947501384864
2PYZ8fcLK4kt7Pc044VeZXfRYUz-20230509_193548.jpg,false,205.311837221113
2PXw5dXoVlaPbkdtaEnFAXNj6nm-Driver-2023-05-09:14-15-19.jpg,false,55.88634948339844
2PdLBr3hMLDFGtVbQd2BuFzU9b8-10 mei 2023_page-0008.jpg,false,670.3239944132205
2PYOftfCDK9wLIhwU1GXiKPXuSa-IMG20230509180817.jpg,false,1129.6801936667437
2PannyZnx88wXuzjvJjhWxtgqNA-IMG20230510110225.jpg,false,818.6345240087019
2PXxFRliCJnR7pOE7m0kL8IOKwo-IMG-20230509-WA0045.jpg,false,756.1157140389357
2PYI4eMR0l3bDlaGGVY7gYEtQZw-IMG_20230509_171408.jpg,false,1955.6613120775003
2PYQKEGg8BxBMTfLfSJgMuJYVnd-IMG_20230509_182416.jpg,false,119.68943531633546
2Pa3KBwqr3eF2Ezh5stEX0ij7Vo-Driver-2023-05-10:08-14-48.jpg,false,108.42696087985
2PdNs4EfFTneyKFlvUJApbtu51D-WhatsApp Image 2023-05-11 at 11.58.31.jpeg,true,17.309047844578995
2PXtqpLUfFOlmFeRGxCfDWPZf4j-IMG_20230509_135419.jpg,false,1759.6153213259026
2Pb3knNDaDBBbVPwNlokeU8hja4-20230510_164659.jpg,false,1775.673772441905
2PY6Qb15mQxbH7SjbNG0S8rKBlh-IMG_20230509_153810.jpg,false,2461.302556245463
2PY6Xho6LnFXcZN3SyprRUpDahV-IMG_20230509_153910.jpg,false,1623.9554799244136
2PXyrTAldtQtutahQ0RZ6b1b1s5-IMG_20230509_143325.jpg,false,2230.056475579128
2PY1q0rezcGhXDuqRYND58Rd4mc-IMG_20230509_150133.jpg,false,2452.856114698488
2PanO4GvaB3XB8lnl7dAYN4byNX-IMG20230510110225.jpg,false,818.6403552587021
2PXu8l7kbUw27mgMVDnkmjGhxx3-IMG_20230509_135858.jpg,false,1499.701712743919
2PbNJ8sQZ5Zs5MVnpINpmjh9mwV-IMG20230510173313.jpg,false,367.4121684290297
2PY1bkaxy49gGHuszu1s4Vqi2S5-IMG20230509145822.jpg,false,3230.488261599522
2Pd41HkHuHJK32HmyK0wB93MRhP-WhatsApp Image 2023-05-11 at 09.02.18.jpeg,false,260.87268778011764
2Pau2Gft6KsGJPU1hEGg4KylJqV-IMG_20230510_152651.jpg,false,963.0649958073766
2PYPMdCBMo0Z7M4TsWKY3oEkVDm-IMG_20230509_181205.jpg,false,139.62916016328796
2PYMVxXG6DNuEUPPWkDltQoXZMn-IMG_20230509_175124.jpg,false,1263.0739451266975
2Pamu7f5qnMDpQqkAXhOKru6yJI-WhatsApp Image 2023-05-09 at 19.06.42 (2).jpeg,false,222.19507121858638
2PYI9Zgtug79kwkXs5YPoaglY6U-IMG_20230509_171408.jpg,false,1955.6613120775003
2PanRLogCg6VX3I1FYUJifZW29M-WhatsApp Image 2023-05-09 at 19.06.42.jpeg,false,974.6673094297955
2PYFx2qlkSWLxVGkTnxoSEOzOhZ-WhatsApp Image 2023-05-09 at 16.53.30 (1).jpeg,false,612.767834681445
2PaoddMs0j6QxUNIacNC2SJvY57-WhatsApp Image 2023-05-09 at 19.06.43.jpeg,false,142.60823098607457
2PaoGocQb5NbAApZFl5eIdCrwkr-WhatsApp Image 2023-05-09 at 19.06.41 (1).jpeg,false,755.1004226873907
2PXvprmVYXDCrsJzgNa7AR8qihw-Driver-2023-05-09:14-13-19.jpg,false,51.766340656873915
2PYPubVECr8rwG1uC0iHQ3HEr4B-20230509_181851.jpg,false,1248.5324004454947
2PaRFtOLuoeBJcM2kejsjptEcF4-Driver-2023-05-10:11-31-28.jpg,false,454.2908678220961
2Pav8nNSePls0EMLB9DwUQebjTC-IMG20230510153408.jpg,false,1448.0350286617663
2PaoGlk1QRCmx1QEnIgYYlmTiri-WhatsApp Image 2023-05-09 at 19.06.43.jpeg,false,142.60823098607457
2PXujdN3g8oNmmPVYH1LM2x0zSC-IMG-20230509-WA0040.jpg,false,1304.1947615996003
2PamuDFlfmJ2ODT6OKLiJ4qxbAZ-WhatsApp Image 2023-05-09 at 19.06.42.jpeg,false,974.6673094297955
2PY6iT9yV1fFc0LhylQp9Mk2rDa-IMG20230509153954.jpg,false,2279.9207464010406
2PaniAzPIt1llXrUz5DPhrRoE4X-WhatsApp Image 2023-05-09 at 19.06.43.jpeg,false,142.60823098607457
2PdChtOBw9Kk6RxwFRhjfeouB8P-Driver-2023-05-11:11-00-41.jpg,false,1361.843171396818
2PagnNedMtgT2tMbxPweDRswj6K-WhatsApp Image 2023-05-10 at 13.21.16 (1).jpeg,false,531.3784805968112
2PagnS96xn2bpPozH8YIUig5U9u-WhatsApp Image 2023-05-10 at 13.21.16.jpeg,false,603.0874197421307
2PY1t3x9QpQ870FygX7PgKKaDKD-Driver-2023-05-09:15-03-22.jpg,false,857.0546946819204
2Pah1pF34p2UcKvOuf09XuiqBCy-WhatsApp Image 2023-05-10 at 13.21.16 (1).jpeg,false,531.3784805968112
2PahA3a8Ikt5TMEXfJTGAmY9rb8-WhatsApp Image 2023-05-10 at 13.21.17 (2).jpeg,false,929.6810984993228
2Pah1rpGHZTLRbLUaAecCjzaQJz-WhatsApp Image 2023-05-10 at 13.21.16.jpeg,false,603.0874197421307
2PahA9ykUMS2GGhqvu1p160yvMj-WhatsApp Image 2023-05-10 at 13.21.16 (1).jpeg,false,531.3784805968112
2PahA9YSlWyC00ctVlmwRQiQGlP-WhatsApp Image 2023-05-10 at 13.21.16.jpeg,false,603.0874197421307
2PahpA5DoA38d0bORg0IVNdpak9-WhatsApp Image 2023-05-10 at 13.21.16.jpeg,false,603.0874197421307
2Pahp5oMTk43hiNwT9I6WRgYY2R-WhatsApp Image 2023-05-10 at 13.21.16 (1).jpeg,false,531.3784805968112
2PUjlK2gaU3KwS8Puanbt3E9h7g-IMG20230508105554.jpg,false,101.9738814416276
2PagnNXkojKUSRXj4S0nvrfxPyA-WhatsApp Image 2023-05-10 at 13.21.17 (1).jpeg,false,747.6472677774506
2PahA6QVnEswTpiFiy3pXS2ebpa-WhatsApp Image 2023-05-10 at 13.21.17 (1).jpeg,false,747.6472677774506
2PagnIqXnWHyrBDgsCDw1mGAN4U-WhatsApp Image 2023-05-10 at 13.21.17 (2).jpeg,false,929.6810984993228
2PUmnrQXVyGfMG4bSNVo3Tew5YV-IMG20230508112754.jpg,false,1063.685058044282
2Pah1qCkigpX4fi5ydowuSHiBwF-WhatsApp Image 2023-05-10 at 13.21.17 (1).jpeg,false,747.6472677774506
2PYKZCT8jckUUFuHF4e9pMs73tH-IMG_20230509_173447.jpg,false,2247.3873718470663
2Pb3qTuLudPwf1Jh2me8y363I3g-Driver-2023-05-10:16-45-27.jpg,false,783.2175507090104
2Pau6bwxIQf4FQEpvqY1d2DD3P5-IMG20230510152237.jpg,false,510.49100281558594
2PaY2XdoeP7AGVCGYe4xfAGNzZV-056953.pdf,false,1740.333262282211
2PamuD269cdKip2qOY0Lkm1kMt7-WhatsApp Image 2023-05-09 at 19.06.41 (1).jpeg,false,755.1004226873907
2PaT9WXIjYqkf7hnTIBR7KhlqHc-056646.pdf,false,2014.2915965487248
2Pahp4KXjCKgn43emHKgFmK5iWM-WhatsApp Image 2023-05-10 at 13.21.17 (1).jpeg,false,747.6472677774506
2PaTTDotVFvttN7zirJ1JCoxZY7-056643.pdf,false,1934.9888722165254
2PaTJxD9Ga6K6RzBBIb0JfVu7oc-056952.pdf,false,1651.4745731337625
2PaXPXWbMdlg6Llw8UGdgxW2oU0-056648.pdf,false,2036.8428956712166
2PaXYDGn5cZHpUtWYOZbtQAmlnr-056647.pdf,false,1987.723602483258
2PXytkqZryVBmosl1MWykNzuQ3w-IMG20230509143709.jpg,false,1424.260508273919
2PYLGl8EfnZ8bfCVZXGHjq1Bkbg-IMG_20230509_174127~2.jpg,false,2519.79299683935
2PaToj1j3uwlMmPYklUWI6FAagt-056649.pdf,false,1943.2705884410618
2PXwlAhHuwba4l8oLRrw18c0Kpm-20230509_141949.jpg,false,1749.722626074685
2PXqVPCKHXNAnmwyvdjqFhMQuFl-IMG_20230509_132817.jpg,false,3353.9969684472203
2PXvsqmWCHl2vMjTghszudO8aN8-Driver-2023-05-09:14-13-47.jpg,false,103.11459962227623
2PYKQrV3qMnyQgHHKZSkBET5H41-IMG_20230509_173447.jpg,false,2247.3873718470663
2PakPdLs5aq80wvwVHLyoViDrjX-IMG_20230510_140345.jpg,false,1712.1062639219447
2Pau7AnWWLeohMM71PXwZMt6kQ9-IMG20230510152247.jpg,false,326.75996557204434
2PaYhCUVvgY29DWT7tRMkQ4235w-IMG_20230510_123028.jpg,false,1492.6666566397203
2Paz1pXrk11M7WgPPD4Z5K8Gljz-IMG20230510160413.jpg,false,823.974324822667
2Pb42Y0XYXGdTTgXLqwhibNgeod-IMG_20230510_164700.jpg,false,2677.198648761042
2PawwfKEhViisCFv0HrDCGs8U9B-IMG_20230510_154937.jpg,false,2628.0082636256006
2PYJaaYevqDnJdzVHdfVmIqEobr-278.pdf,false,5024.17940477854
2PY7CB5u5oaQTLzNL32rzfKRG8c-20230509_154542.jpg,false,1613.8592164516579
2PYZvpJPQc8go9jEaDC7bs68HzN-20230509_194117.jpg,false,1391.2952769616645
2PaeCDxFhBpjNAIilWz00NFIae6-IMG_20230510_131619.jpg,false,239.70153584859375
2PYT70EBlUlhLgOYMTOsyHdqfNQ-20230509_184604.jpg,false,1379.0807607748889
2PatHa6zra8YUY1GmzZy4JRicqi-IMG20230510151953.jpg,false,786.3892322062107
2PazqO7JWGOx9X4w3Kf9XzzjbHq-IMG20230510161402.jpg,false,1051.8352701466772
2PaY8cgOZ7uJ5r0zVsl7LFJGTf8-20230510_122716.jpg,false,1758.736669262715
2PcmVpPT64t1qICIPwi1yX663sJ-IMG-20230510-WA0001.jpg,true,16.951044391384553
2PaufDaPQbDxQ222LlGFTbeWfyR-IMG20230510152731.jpg,false,1879.6201869982642
2Pb169pO21HVY2HFd2tGy7qlHKr-IMG_20230510_162246.jpg,false,1402.6684383081592
2Pan7hq6Bfzp7sL1xwByK6NiEnV-IMG20230510142620.jpg,false,2424.3921662846983
2PXrsRjZhcOIIcTLiSRm8RbytLp-IMG20230509133925.jpg,false,2508.7748528427737
2PXxBNSmpxTqTcGb5i7IzHyQ8Nr-IMG-20230509-WA0045.jpg,false,756.1157140389357
2PXz21pT5aCADd1htbUEk0M0qBb-IMG_20230509_143427.jpg,false,1633.4938287454474
2Pam4wQ9CtQHtEqCAAyrlARIHln-20230510_142044.jpg,false,1718.5715644994982
2PXwgGV1nNOYLl1XaDmsLhVfZIy-20230509_141949.jpg,false,1749.722626074685
2PaYWWIgd5AkEPFQiFvwjMwQV06-286.pdf,false,4748.484692309228
2PaYIKAZ1ydCRW5qn8G1T62YIFl-286.pdf,false,4748.484692309228
2PaoSeO2oB36oyKkFoePiUdPfll-WhatsApp Image 2023-05-09 at 19.06.40 (2).jpeg,false,1141.8030831719404
2PXx2kisckaTco3mnueJdokzqWQ-IMG20230509142030.jpg,false,2502.3785559816397
2PY7GMCpMiMf3nzEuoGODMIHHTQ-20230509_154542.jpg,false,1613.8592164516579
2PakHdM4Hy5fbKVqvKTm68OLsQs-IMG20230510140502.jpg,false,2551.3785253415344
2PYUx4JDXq0pwatKkIDNn3VHz3K-279.pdf,false,5277.847677598356
2PbCrAzMjV4NHjrDBKnb1pX697h-20230510_180155.jpg,false,180.72946401396243
2PXzAOJrVb8wUNdoY8wRxBzEF5J-IMG_20230509_143427.jpg,false,1633.4938287454474
2Pb3Wqd05OepDmswPVwZq7Ug03O-IMG20230510164352.jpg,false,2030.5903671407812
2PXyafx7PUQQC2MzvSZtxBKlROu-IMG20230509143426.jpg,false,2983.5649549968944
2PawYow63yQ5OhwahBrynsoek84-IMG20230510154535.jpg,false,2552.958646802452
2PawHXC6HOCX7FyMKtzGmfL5C9d-20230510_154524.jpg,false,1272.3551191721986
2PagR0ENHQhI1LnQ8WJGGJhtBcc-20230510_133517.jpg,false,2335.6022032562328
2PXtgkeg1djCO2oIbe8IffKpQYA-IMG20230509135333.jpg,false,3667.2605534494696
2PYgjx7KH59J8oiCT9ntlQSvJJ4-282.pdf,false,5819.165540230344
2PXzhh84jfanzsIoAv0wcFc6DDe-20230509_144342.jpg,false,1756.3504685885287
2PXrvNPAhdtn5uBRmC7NJwTEeis-IMG20230509133920.jpg,false,2178.639200241969
2PaZTK9GZW0B6y42AITl0SZtxmR-056642.pdf,false,2079.573596061603
2PY6okxtjmsRJqqZNAIPYmDvx2u-IMG20230509153954.jpg,false,2279.9207464010406
2PaheGRgZH0KoQdxDHIoh4Gq3eY-20230510_134516.jpg,false,107.66910603222223
2PaVWdi5eaD8AdUThkbEsCsDxfU-SJ DIRGANTARA JOGJA 9 MEI 23_page-0008.jpg,false,705.0151178124455
2PYgWyK3QIQ2EicNVch5TjUc081-281.pdf,false,5072.394203477116
2PYUfh5mgDlqLyC4QeDwyWROv5u-283.pdf,false,5714.151723587296
2PY1TFNsvLHBdhFIjG63kSMQJgY-IMG20230509145822.jpg,false,3230.488261599522
2PYgGHZUHL8ejod9scQcar84aVa-275.pdf,false,5416.677522505439
2PY7W1AOWsI8G2eTFK1N6ptudLm-IMG20230509154539.jpg,false,2601.808473119948
2PY1kRczIaQ7bSVX5XsCYPqAYvz-20230509_150019.jpg,false,1938.1917333224826
2PYJFfzOaFZeOstW8P4NrM9Qfg1-280.pdf,false,5230.984422842771
2PYKmDIWRws6U9k58ySf7ruHBbG-274.pdf,false,5350.650587836084
2PXrqHMD045uNwgfVZiMj3pyXgI-IMG_20230509_134021.jpg,false,3336.8486277131774
2PatGsrxQVrl3ZtPsxo9n2Vfb7N-20230510_152032.jpg,false,372.4734454124121
2PYM0o2mEav5P03Ucu0mqv2Y4tZ-273.pdf,false,5361.651849338309
2Pa3BBhoJrqsBeNqBkC54nmvFlD-Driver-2023-05-10:08-13-34.jpg,false,205.97634773318984
2PYUTiD7dnl4Cy6HSpp6yuM8u4Q-276.pdf,false,5088.139851094831
2PYThB3EaedVDIpMaj79KbqPm5A-20230509_184951.jpg,false,1465.1754488116494
2Pah1hhdYG36Uh4Hl5huC6tQn40-WhatsApp Image 2023-05-10 at 13.21.17 (2).jpeg,false,929.6810984993228
2Pahp67IMhZ4MXlacwXZG2oCz5T-WhatsApp Image 2023-05-10 at 13.21.17 (2).jpeg,false,929.6810984993228
2PYMMtJDAOJCrQsrzCaX86XqeZZ-272.pdf,false,5605.540461885467
2PXzddNr8MXkKOFKEclru1TlGK8-20230509_144342.jpg,false,1756.3504685885287
2PYMCEnoJ3qNUQWMQ1I8uEDelrG-271.pdf,false,5487.076213098066
2PaVoYg577Ysp3pn1h9SGaLv7q7-SJ DIRGANTARA JOGJA 9 MEI 23_page-0008 (1).jpg,false,705.0151178124455
2PXsKFMG2vOrgXz1ZbTiLdPm2qm-IMG20230509134234.jpg,false,3710.025130729165
2PaZ9guE3b48EsNPKzezpWAORqx-SJ DIRGANTARA JOGJA 9 MEI 23_page-0005.jpg,false,724.3694417064482
2PYUE1aCqbPlxWk1CqOJyyjZt8i-20230509_185416.jpg,false,1223.756901943624
2PYJY1y9AQTim88dsYhLzX03Rzp-20230509_172804.jpg,false,1368.9366079174467
2PaYYc0U04S3qBQiJ0T2UuQ38lV-20230510_123016.jpg,false,1547.6749894209609
2PaZ0ue526J2l8KEe41LSN02AnS-SJ DIRGANTARA JOGJA 9 MEI 23_page-0007.jpg,false,709.7001787555282
2PY8Qthw5CMe7lgvqKrhuLlphvj-Screenshot_20230509-155543_WhatsApp.jpg,false,2273.5115462369627
2Pd71BgRwA59LJWRlwDFMw5D73r-IMG_20230511_101348.jpg,false,786.8482244717786
2Pd70iUrBP9sYpermxUD5YdLGhX-IMG_20230511_101409.jpg,false,1121.0794640373613
2PXwbRowPVstFLpx5iM5X4dsNu8-IMG20230509141758.jpg,false,2601.1671411478824
2PdJlo5F3eXXSlO8JyQsAd1JXCH-10 mei 2023_page-0013.jpg,false,760.6706928101842
2PXyRMfndIcP5zquNnfkX8VaZon-20230509_143335.jpg,false,2024.9182431842316
2PY22QsX6O463nSaRy62bOMqZof-Driver-2023-05-09:15-04-16.jpg,false,746.0917832149999
2PaW5GL1SnWtQLef3TwqG4ewhux-SJ DIRGANTARA JOGJA 9 MEI 23_page-0009.jpg,false,684.4620917234469
2PYSZI2cNapZsvGqY6BALGBxA0x-20230509_184136.jpg,false,1027.4901777330722
2PaXF1VtMydLENCmt4Zu20HCGbt-SJ DIRGANTARA JOGJA 9 MEI 23_page-0012.jpg,false,714.0388545817666
2Pb1OJOHWg2GJmGpylWiOFm3JqB-IMG20230510162736.jpg,false,2223.4968034452127
2PavbnppyX0kHRBJYnvl4UHRZHQ-IMG20230510153914.jpg,false,2654.352982811002
2PXwfxHeVQNDR9QjB3dp313yqFM-20230509_141941.jpg,false,2149.54437832065
2PXwFH03GCMk8FlytQjOK4OH5Y0-Driver-2023-05-09:14-16-41.jpg,false,160.1654262434242
2PdLjXhCw54Sf9dcFaWMJQFDuak-10 mei 2023_page-0002.jpg,false,767.1326655399832
2PYI2dGUa8LSonqmXHqUxKQ2Dux-20230509_171451.jpg,false,1419.0398365368033
2PdSd58njUnTIf3XdPfUcrNQRdI-IMG_20230511_105040.jpg,false,744.2648650878839
2PWx33XHOVEp2H7AW4JTBkc7R0H-WhatsApp Image 2023-05-08 at 14.58.54.jpeg,false,190.1918826515571
2Padew0JjRJTbKnRLLbujLxKjTK-SJ DIRGANTARA JOGJA 9 MEI 23_page-0014.jpg,false,707.2534374751007
2PY1f1h1aiT8Y07hgagi9TYT48x-20230509_150019.jpg,false,1938.1917333224826
2Pajhbj5ZAr8JXTbjtWLdr5QNJH-IMG_20230510_140052.jpg,false,1380.6432268112944
2PXtnUDQS46wvP10BXll1B6lqhJ-IMG20230509135333.jpg,false,3667.2605534494696
2PdQycFRlCRdAAmPm5hRiSc0D31-SJ PBI DYA BETON TGL 10.05.2023_page-0005.jpg,false,2488.6840272033824
2PY1IzACW9tcs65zcps7i3Q7DLe-20230509_145734.jpg,false,2179.5459382240874
2PaWdEheaFKLe6HjoM8Jjz4epb9-SJ DIRGANTARA JOGJA 9 MEI 23_page-0004.jpg,false,739.4463120477656
2PYIA7xQBPnMxchEGjhNPXnbn6b-IMG20230509171449.jpg,false,2265.3586597476888
2PXwkmRa6suRe8mA8uy6ITo6KvA-20230509_141941.jpg,false,2149.54437832065
2PXxcUcqnAQ7UoYFsubiG9RfC0D-20230509_142642.jpg,false,2387.558641638428
2PXyfjZ1FgoXRXnO3fkfpPWmZG9-IMG20230509143426.jpg,false,2983.5649549968944
2PdLcNXt0jLGd4dRaNUS7poS8Wv-10 mei 2023_page-0005.jpg,false,761.5574897432675
2PaV7QpEV5WGPN7tW1EPGrtIkJv-SJ DIRGANTARA JOGJA 9 MEI 23_page-0013 (1).jpg,false,696.3460288883889
2PYCEs7RcWOpqPK8D9UK1oSq6mH-WhatsApp Image 2023-05-09 at 15.50.41.jpeg,false,135.26647416207126
2PYK6P3qZyRQN4nOEcmpoQxPYuD-20230509_173210.jpg,false,1154.9988913711418
2PdRREX3QnUEJrNQ11zldHa4kCS-SJ PBI DYA BETON TGL 10.05.2023_page-0006.jpg,false,2581.869360352908
2PdSh0avJbgD296KmX1jjMDqxdO-SJ PBI DYA BETON TGL 10.05.2023_page-0002.jpg,false,2571.704711883099
2PaZtktgyeGogjVIsSzmq3I2zDs-SJ DIRGANTARA JOGJA 9 MEI 23_page-0001.jpg,false,692.1412256243495
2PaWTTBrHSjaJjzw9sx6wV6jjH8-SJ DIRGANTARA JOGJA 9 MEI 23_page-0015.jpg,false,672.9561682340101
2PYIFlixQxRAjVwRzJXDkzLsPId-IMG20230509171449.jpg,false,2265.3586597476888
2PaZIvLp3o84FSn97ToWNMkKBQV-SJ DIRGANTARA JOGJA 9 MEI 23_page-0006.jpg,false,711.1000064734694
2PdMDNrxJCpQESKpfgCss58Ep8S-10 mei 2023_page-0006.jpg,false,721.7393041445983
2PaZiSoxwfFfLXMYhXuGg5xMe6H-SJ DIRGANTARA JOGJA 9 MEI 23_page-0010 (1).jpg,false,753.8461667882289
2PXxFEUadDDfVdPv13hENyWXL7j-IMG20230509142030.jpg,false,2502.3785559816397
2PdKp8W9jmsfgfVzWYrvBMmdIFQ-10 mei 2023_page-0003.jpg,false,764.0750281877622
2PdR75w4ZtVDcwsd7BmDgXvAH53-SJ PBI DYA BETON TGL 10.05.2023_page-0003.jpg,false,2603.4544426063776
2PdSoIveApDY7RffHaCBB0PF72N-SJ PBI DYA BETON TGL 10.05.2023_page-0004 (1).jpg,false,2741.124778972521
2PdLw3OT6ymGuPxvlKjqnLuaiaW-10 mei 2023_page-0004.jpg,false,731.9031204853118
2PdJtyOAMVMqniqTqG3dqLkitF2-10 mei 2023_page-0014.jpg,false,779.4500718342557
2PdL4CoI0EdgN3B1FZIABnzSlaT-10 mei 2023_page-0010.jpg,false,693.3146621085345
2PdN9OxFqxq9ZsJ0U9EoLuT19u1-SJ PBI DYA BETON TGL 10.05.2023_page-0007.jpg,false,2552.0281288484516
2PdK8mhAPV7p3mVlVvGh8BFxTpZ-10 mei 2023_page-0012.jpg,false,774.1717302838317
2PdNINRxIXGgtHrsZQtN2snTwG3-SJ PBI DYA BETON TGL 10.05.2023_page-0009.jpg,false,2537.5486186931353
2PaWviEnZui3VWdNbxNsZ8Cxv5T-SJ DIRGANTARA JOGJA 9 MEI 23_page-0002.jpg,false,697.8477197901127
2PdRK4LGi1qZEWfbtXtVOl52G0a-SJ PBI DYA BETON TGL 10.05.2023_page-0004.jpg,false,2741.124778972521
2PdRYg7gtKln6Vx8Pq8DWrJwxjk-SJ PBI DYA BETON TGL 10.05.2023_page-0010.jpg,false,2475.364593327819
2PdSZCsnNkOh5ZcNixfDvIxk7yc-SJ PBI DYA BETON TGL 10.05.2023_page-0008.jpg,false,2519.4206019667317
2PdK1S5CfVpPUQFbzKlw9GJJ5QK-10 mei 2023_page-0007.jpg,false,731.2396089583154
2PYUG53FlwNeaKLRS0QaoWGhnwO-277.pdf,false,4992.887798159644
2PavZi8gF3ChGiLFpqH6P46xjY2-IMG_20230510_153820.jpg,false,838.6422589703777
